id,pecahan,value
jkt,50k,378.791605458837
bdg,50k,38.9622306791162
sby,50k,186.387037904773
cbn,50k,7155.87035631558
yyk,50k,100.436732214252
jkt,20k,1053.46917168517
bdg,20k,394.065283673575
sby,20k,51.6127235530722
cbn,20k,2553.36193994119
yyk,20k,407.318048020475
