id,name,x,y,Q,cpeti,cjarak
1,nXoM,-1.23935237383778,-1.00521523534103,3147,0,0
2,MAmX,0.390422916054492,0.14953187448282,683,0,0
3,kqDg,1.52644494786834,-0.771257024575947,711,0,0
4,CeEX,-0.56901140816973,-0.0816203887380541,14192,0,0
5,I0ka,-0.467022130730967,1.76617167275379,1093,0,0
6,SVat,0.288717212019083,-1.15322538369005,2729,0,0
7,kcig,-1.03840235354285,-2.1311734270518,1207,0,0
8,tz8U,0.666960200798891,1.08076209149407,960,0,0
